,0,1,2,3,4,5,6,7,8,9,10,11,12,13,14,15,16,17,18,19,20,21,22,23,24,25,26,27,28,29,30,31,32,33,34,35,36,37,38,39,40,41,42,43,44,45,46,47,48,49,50,51,52,53,54,55,56,57,58,59,60,61,62,63,64,65,66,67,68,69,70,71,72,73,74,75,76,77,78,79,80,81,82,83,84
0,Financials $(mm),2019-01-31,2019-02-28,2019-03-31,2019-04-30,2019-05-31,2019-06-30,2019-07-31,2019-08-31,2019-09-30,2019-10-31,2019-11-30,2019-12-31,2020-01-31,2020-02-29,2020-03-31,2020-04-30,2020-05-31,2020-06-30,2020-07-31,2020-08-31,2020-09-30,2020-10-31,2020-11-30,2020-12-31,2021-01-31,2021-02-28,2021-03-31,2021-04-30,2021-05-31,2021-06-30,2021-07-31,2021-08-31,2021-09-30,2021-10-31,2021-11-30,2021-12-31,2022-01-31,2022-02-28,2022-03-31,2022-04-30,2022-05-31,2022-06-30,2022-07-31,2022-08-31,2022-09-30,2022-10-31,2022-11-30,2022-12-31,2023-01-31,2023-02-28,2023-03-31,2023-04-30,2023-05-31,2023-06-30,2023-07-31,2023-08-31,2023-09-30,2023-10-31,2023-11-30,2023-12-31,2024-01-31,2024-02-29,2024-03-31,2024-04-30,2024-05-31,2024-06-30,2024-07-31,2024-08-31,2024-09-30,2024-10-31,2024-11-30,2024-12-31,2025-01-31,2025-02-28,2025-03-31,2025-04-30,2025-05-31,2025-06-30,2025-07-31,2025-08-31,2025-09-30,2025-10-31,2025-11-30,2025-12-31
1,Energy Revenue,86.00824517999999,67.53940286999999,78.89585114,43.20548092,53.39134434999999,58.70533259,68.28581645,62.11819364,63.08253049999999,55.45310585,52.44133349999999,61.23897083000001,61.28592158,48.562451319999994,39.269948719999995,24.712570060189954,32.42586009601884,44.521623976205156,71.36977067214646,62.85989732934936,49.53198020243195,40.35411018503858,61.89842113682137,78.59925242531628,102.85131248410744,92.04658526656434,80.11530603543756,66.72052185227047,51.166900210344046,56.071287868109316,81.80173112435827,71.6904879390128,54.85830159488802,45.7169284419689,55.05751736572663,75.36909711929582,100.5946526769344,85.95158521996784,66.55953818934736,55.425355422281,49.039468621279994,49.91816124970358,67.64935952693466,63.25083609061922,43.09600273803073,32.94566821211073,39.54347465854395,57.15770983185484,97.76744279232882,83.553946180241,64.26416364385555,54.55297892415038,44.10816097624291,47.55820675092077,68.00824645986009,62.238193180743956,42.11587823983064,33.298334509004945,37.549388481010034,51.04799151912022,92.1560547342606,81.2644194120834,68.17969427057896,53.24339569617109,44.10834265420037,47.00424094131914,68.9970064964731,60.6511714584163,47.27603663454224,44.26261973431855,46.66449259319323,53.10338248552782,94.86208546979285,80.06282658698235,64.74360031475604,39.12235520606656,35.4556868663735,45.65125983963856,65.31168660941344,57.08618284943995,45.630652637203355,41.79942201394364,44.63860152923711,51.22205887085805
2,Delivered Fuel Expense,-50.758693769999994,-44.166895460000006,-48.13916483,-27.08231723,-35.13213564,-39.41125471,-40.05163655,-38.679920200000005,-37.82322107,-30.31963235,-32.136523880000006,-35.20324484,-40.101011240000005,-34.36619779,-27.831262969999997,-15.52136996470293,-21.426333481700212,-29.454372238949606,-43.358236576801346,-39.020162835277596,-30.822618622526015,-25.27282134674255,-39.74347738220472,-50.742587944538634,-57.64142439125851,-51.714340054615505,-49.77726238768878,-42.84970613673753,-32.89059584867796,-36.71964824964627,-48.33121907569467,-43.60174274708004,-34.2296388914453,-29.294887627243963,-34.74774912992493,-47.71867543497624,-58.17955124243904,-50.79945024026076,-41.89903174482224,-36.009984681822964,-31.898406358534093,-33.295956190745926,-41.88628212156413,-39.24683743607916,-27.91593873312123,-22.228549858054787,-26.688030454404135,-37.841758994885,-56.64909410433818,-49.41128802044339,-40.66785075163305,-35.48162286059328,-28.719593996875375,-31.530195078331776,-41.88408903362419,-38.51664251691326,-27.27894562536129,-21.85955770064573,-25.187189535266715,-34.070357563703595,-54.4275151129543,-48.834536506646884,-43.57192980748673,-34.33576353946358,-28.504990158670253,-30.734440355312945,-41.97546064103486,-37.311629282958755,-30.256848658741806,-28.51756587069067,-30.674145414118776,-35.2008921283241,-54.85099116042454,-47.31942316522569,-41.40268309652015,-25.494769128258035,-23.165787875229388,-29.771597838790587,-39.85629518530877,-35.27059301195426,-29.148814236689812,-26.876369330936228,-29.364071163492063,-33.90943916559714
3,Variable O&M Expense,-5.447772659999999,-5.81133182,-5.960908629999999,-3.8601740599999994,-4.07191312,-3.2524978300000003,-3.4867424400000004,-2.8307841000000002,-3.13318135,-2.5085104299999994,-1.7710193399999996,-3.5848630100000003,-3.27432178,-2.9370853199999996,-1.9778397099999998,-0.4339970954037369,-1.342012445311261,-2.070583942681223,-3.6918203874217035,-3.1039336156088306,-2.140971211177411,-1.5821659049401156,-2.930488358911322,-4.135644350176318,-4.750839064609557,-4.2752528325618995,-4.287473498906894,-3.5360575452017584,-2.6670047114930884,-2.9924988068124043,-4.134440875967114,-3.6654014098848755,-2.682050969848689,-1.8362897192840464,-2.8158945569998246,-4.013753215071275,-4.550147016250695,-3.927827106694542,-3.5627938192619895,-2.471956466588113,-2.1175731145442795,-2.2548577664515594,-3.0442645916784983,-2.7991918988890188,-1.7554112306596192,-1.1751645315919044,-1.3425591464098932,-2.551827541605714,-4.3629805983842616,-3.738632646111303,-3.2391641525192094,-2.4509209393760076,-1.892789586307135,-2.10679636050523,-3.020801200565704,-2.7047008095733713,-1.6731548759884496,-1.1973557703231035,-1.2516491593187329,-2.2498622346891075,-4.165984653128586,-3.6415359166499024,-3.1310649750514106,-2.3799516582134737,-1.9055000373114646,-2.0375896145636805,-3.012766479553041,-2.580919823651743,-2.071928923023058,-1.9470214836623083,-1.9955119536976,-2.4192789190120307,-4.19173245397733,-3.517613152456399,-2.911317389639565,-1.3020018826954374,-1.2818657113260084,-1.9524151047604006,-2.806518982622898,-2.3897509533979293,-1.9655414981736405,-1.7795900947405845,-1.900020676071768,-2.29695828743931
4,Net Emissions Expense,0.0,0.0,0.0,-0.108,0.0,-0.028499999999999998,-0.0249,0.0,0.0,0.0,0.0,0.0,0.0,0.0,0.0,0.0,0.0,0.0,0.0,0.0,0.0,-0.25,-0.25,0.0,0.0,0.0,0.0,0.0,0.0,0.0,0.0,0.0,0.0,-0.25,-0.25,0.0,0.0,0.0,0.0,0.0,0.0,0.0,0.0,0.0,0.0,-0.25,-0.25,0.0,0.0,0.0,0.0,0.0,0.0,0.0,0.0,0.0,0.0,-0.25,-0.25,0.0,0.0,0.0,0.0,0.0,0.0,0.0,0.0,0.0,0.0,-0.25,-0.25,0.0,0.0,0.0,0.0,0.0,0.0,0.0,0.0,0.0,0.0,-0.25,-0.25,0.0
5,Gross Energy Margin,29.801778749999993,17.561175589999998,24.795777680000004,12.154989629999998,14.187295589999996,16.013080049999996,24.722537459999998,20.607489340000004,22.126128079999997,22.624963069999996,18.53379027999999,22.450862979999997,17.910588559999997,11.25916821,9.460846039999998,8.757203000083285,9.657514169007362,12.996667794574323,24.319713707923412,20.73580087846293,16.568390368728522,13.249122933355913,18.974455395705323,23.72102013060133,40.45904902823937,36.05699237938691,26.050570148841896,20.33475817033117,15.609299650172993,16.359140811650636,29.33607117269649,24.42334378204788,17.94661173359404,14.335751095440898,17.243873678801883,23.63666846924831,37.864954418244665,31.22430787301254,21.097712625263142,16.94341427386993,15.023489148201621,14.367347292506096,22.718812813692033,21.204806755651028,13.424652774249871,9.29195382246404,11.26288505772992,16.764123295364126,36.755368089606364,30.4040255136863,20.357148739703298,16.620435124181085,13.4957773930604,13.92121531208376,23.103356225670193,21.016849854257323,13.163777738480903,9.99142103803611,10.860549786424585,14.727771720727507,33.56255496817771,28.788346988786614,21.47669948804082,16.52768049849404,13.697852458218648,14.232210971442509,24.00877937588521,20.758622351805805,14.947259052777378,13.54803237996557,13.74483522537685,15.483211438191688,35.819361855390966,29.225790269300255,20.42959982859631,12.325584195113088,11.008033279818102,13.927246896087576,22.64887244148178,19.425838884087767,14.516296902339903,12.893462588266832,13.124509689673268,15.015661417821605
6,Hedge P&L,2.15659882,5.998424069999999,3.4432522899999998,6.21825433,8.5067215,10.89277478,4.1044887999999995,8.35051384,5.650112459999999,5.756039540000001,2.6350141399999996,10.679564489999999,9.64072536,10.703378639999999,4.784396590000001,6.108807999999999,5.557428800000001,4.240815999999999,0.8043456000000005,2.439571199999999,2.3354399999999997,2.8696736,1.9273702999999973,1.5138104,-2.457118720000001,-1.1590393599999982,1.3355300300000004,0.8332064000000015,1.2277372800000008,1.3156063999999996,-0.0709387199999993,0.6746652800000001,0.9572064000000001,1.2522892799999996,1.1021566500000002,1.01072528,,,,,,,,,,,,,,,,,,,,,,,,,,,,,,,,,,,,,,,,,,,,,,,,
7,Net Energy Margin,31.958377569999993,23.559599659999996,28.239029970000004,18.373243959999996,22.694017089999996,26.905854829999996,28.827026259999997,28.958003180000006,27.776240539999996,28.381002609999996,21.16880441999999,33.130427469999994,27.551313919999995,21.962546849999995,14.24524263,14.866011000083283,15.214942969007364,17.237483794574324,25.12405930792341,23.175372078462928,18.903830368728524,16.118796533355912,20.901825695705323,25.23483053060133,38.001930308239366,34.89795301938692,27.386100178841897,21.167964570331172,16.837036930172992,17.674747211650637,29.26513245269649,25.09800906204788,18.90381813359404,15.588040375440897,18.346030328801884,24.64739374924831,37.864954418244665,31.22430787301254,21.097712625263142,16.94341427386993,15.023489148201621,14.367347292506096,22.718812813692033,21.204806755651028,13.424652774249871,9.29195382246404,11.26288505772992,16.764123295364126,36.755368089606364,30.4040255136863,20.357148739703298,16.620435124181085,13.4957773930604,13.92121531208376,23.103356225670193,21.016849854257323,13.163777738480903,9.99142103803611,10.860549786424585,14.727771720727507,33.56255496817771,28.788346988786614,21.47669948804082,16.52768049849404,13.697852458218648,14.232210971442509,24.00877937588521,20.758622351805805,14.947259052777378,13.54803237996557,13.74483522537685,15.483211438191688,35.819361855390966,29.225790269300255,20.42959982859631,12.325584195113088,11.008033279818102,13.927246896087576,22.64887244148178,19.425838884087767,14.516296902339903,12.893462588266832,13.124509689673268,15.015661417821605
8,Fixed Fuel,-1.57622837,-1.42377406,-1.58589414,-1.53579855,-1.621844,-1.7141199999999999,-1.76554602,-1.7667324,-1.71546779,-1.76745244,-1.6016850899999997,-1.58741079,-1.5842611999999998,-1.4835239999999998,-1.5858359899999999,-1.5708319999999998,-1.766596,-1.7154399999999999,-1.766596,-1.766596,-1.7154399999999999,-1.640064,-1.5346799999999998,-1.585836,-1.585836,-1.4323679999999999,-1.585836,-1.5708319999999998,-1.766596,-1.7154399999999999,-1.766596,-1.766596,-1.7154399999999999,-1.640064,-1.5346799999999998,-1.585836,-1.6254818999999998,-1.4681772,-1.6254818999999998,-1.6101027999999997,-1.8107608999999998,-1.7583259999999996,-1.8107608999999998,-1.8107608999999998,-1.7583259999999996,-1.6810655999999997,-1.5730469999999996,-1.6254818999999998,-1.6661189474999998,-1.5048816299999999,-1.6661189474999998,-1.6503553699999993,-1.8560299224999997,-1.8022841499999993,-1.8560299224999997,-1.8560299224999997,-1.8022841499999993,-1.7230922399999997,-1.6123731749999994,-1.6661189474999998,-1.7077719211874995,-1.5425036707499997,-1.7077719211874995,-1.6916142542499992,-1.9024306705624994,-1.8473412537499991,-1.9024306705624994,-1.9024306705624994,-1.8473412537499991,-1.7661695459999995,-1.6526825043749993,-1.7077719211874995,-1.7504662192171867,-1.5810662625187495,-1.7504662192171867,-1.733904610606249,-1.9499914373265614,-1.8935247850937489,-1.9499914373265614,-1.9499914373265614,-1.8935247850937489,-1.810323784649999,-1.693999566984374,-1.7504662192171867
9,Capacity Revenue,25.022841500000002,22.6012762,25.02284151,24.215653070000002,25.02284151,14.68872889,15.17839297,15.178353150000001,14.68893688,15.177937170000002,14.68893686,15.17814515,15.17814561,14.37351959,15.351936590000001,14.68872884991084,15.178353144907868,11.161787399886466,11.53384697988268,11.53384697988268,11.161787399886466,11.53384697988268,11.161787399886466,11.53384697988268,11.53384697988268,10.417668239894033,11.53384697988268,11.161787399886466,11.53384697988268,21.041999999999998,21.7434,21.7434,21.041999999999998,21.7434,21.041999999999998,21.7434,21.7434,19.639199999999995,21.7434,21.041999999999998,21.7434,15.165000000223799,15.670500000231259,15.670500000231259,15.165000000223799,15.670500000231259,15.165000000223799,15.670500000231259,15.670500000231259,14.15400000020888,15.670500000231259,15.165000000223799,15.670500000231259,15.247110000223799,15.755347000231259,15.755347000231259,15.247110000223799,15.755347000231259,15.247110000223799,15.755347000231259,15.755347000231259,14.738873000216337,15.755347000231259,15.247110000223799,15.755347000231259,15.247110000223799,15.755347000231259,15.755347000231259,15.247110000223799,15.755347000231259,15.247110000223799,15.755347000231259,15.755347000231259,14.23063600020888,15.755347000231259,15.247110000223799,15.755347000231259,15.247110000223799,15.755347000231259,15.755347000231259,15.247110000223799,15.755347000231259,15.247110000223799,15.755347000231259
10,Ancillary Services Revenue,1.5312052600000001,0.7956444400000002,1.3724055899999998,1.0986161700000001,1.158415,1.0437458699999997,1.25006065,1.1089295999999997,1.0211214600000003,1.4202640400000002,1.12381269,-0.17345338,0.89667263,0.88461715,0.90035881,0.9896693349234946,1.0641646138894947,0.9612428442639965,1.155106440303954,1.0183053989643327,1.0638650827776677,1.5856230158234228,1.209630366291606,1.1253265470707676,1.242191523925715,0.9488862828857451,0.9705765884291886,0.9894627701366774,1.0638298055671536,0.9610852156475689,1.1546150757339109,1.0180495372267948,1.0635307900977846,1.584390517472654,1.2090451388468098,1.1248864485520607,1.2218230578591207,0.9445552998009675,0.9650596125377705,0.9829131266507376,1.0532138860716354,0.9560872135355474,1.13903515620847,1.0099368129411828,1.0529312203118195,1.5453111326514373,1.1904890665333134,1.1109320449935731,1.195192396414034,0.9388927750002283,0.9578464666540941,0.9743498240588875,1.039334148781202,0.9495525976389991,1.118665258894298,0.9993298672271012,1.0390728593772884,1.494216962709847,1.1662280113357533,1.0926874213867093,1.1698466750756986,0.9335034692945889,0.9509813579553329,0.9661997042552007,1.02612411438765,0.943333279583062,1.0992782173039073,0.9892347109023395,1.025883169921884,1.445588106981893,1.143137561792121,1.0753231081939667,1.1464744632835269,0.9285337944258591,0.9446507914529292,0.9586841822607555,1.0139426610564726,0.9375982201280215,1.0814007209002476,0.9799255999661063,1.0137204773983766,1.4007456698654694,1.1218450181747504,1.0593108432381237
11,Misc Income,-0.049841159999999995,0.16512816999999994,0.01658257000000001,0.06937769999999997,0.2864839599999999,-0.13072505,0.10408072000000008,0.14629831999999995,-0.06715585000000003,-0.03993775999999987,0.04516672000000015,0.03778740000000003,-0.21481728999999997,-0.12749055,-0.04446813000000001,0.00076875,0.00076875,0.00076875,0.00076875,0.00076875,0.00076875,0.00076875,0.00076875,0.00076875,0.00076875,0.00076875,0.00076875,0.00076875,0.00076875,0.00076875,0.00076875,0.00076875,0.00076875,0.00076875,0.00076875,0.00076875,0.00076875,0.00076875,0.00076875,0.00076875,0.00076875,0.00076875,0.00076875,0.00076875,0.00076875,0.00076875,0.00076875,0.00076875,0.00076875,0.00076875,0.00076875,0.00076875,0.00076875,0.00076875,0.00076875,0.00076875,0.00076875,0.00076875,0.00076875,0.00076875,0.0007879687499999999,0.0007879687499999999,0.0007879687499999999,0.0007879687499999999,0.0007879687499999999,0.0007879687499999999,0.0007879687499999999,0.0007879687499999999,0.0007879687499999999,0.0007879687499999999,0.0007879687499999999,0.0007879687499999999,0.0008076679687499999,0.0008076679687499999,0.0008076679687499999,0.0008076679687499999,0.0008076679687499999,0.0008076679687499999,0.0008076679687499999,0.0008076679687499999,0.0008076679687499999,0.0008076679687499999,0.0008076679687499999,0.0008076679687499999
12,Total Other Inciome,,,,,,,,,,,,,,,,,,,,,,,,,,,,,,,,,,,,,,,,,,,,,,,,,,,,,,,,,,,,,,,,,,,,,,,,,,,,,,,,,,,,
13,Gross Margin,56.88635479999999,45.69787441,53.06496550000001,42.22109235,47.539913559999995,40.79348454,43.59401458000001,43.62485185,41.70367523999999,43.171813619999995,35.425035599999994,46.585495849999994,41.82705367,35.60966904,28.867233909999996,28.974345934917615,29.69163347780473,27.645842788724785,36.047185478110045,33.96169720730994,29.414811601392653,27.59897127906202,31.739332211883394,36.30893680755478,49.192901562047766,44.83290829216669,38.30545649715376,31.749151490354315,27.668886465622826,37.963161177298204,50.3973202784304,46.09363134927467,39.29467767369182,37.27653564291355,39.06316421764869,45.93061294780037,59.20546432610378,50.34065472281351,42.18145908780091,37.35899335052066,36.01011088427326,28.730877256265437,37.71835582013176,36.07525141882347,27.885026744785492,24.827468105346732,26.046095874487033,31.920842190588957,51.95571028875166,43.99280540889541,35.32014500908865,31.110198328463774,28.350350369572865,28.316362509946558,38.12210731229575,35.91626554921569,27.64844519808199,25.518661510977218,25.662283372984138,29.910455944845474,48.78076469104717,42.91900775629754,36.476043893789914,31.050163917473043,28.57768087102506,28.57610096624937,38.96176189160788,35.601561361126905,29.37369893792306,28.98358590992872,28.48318825176777,30.606897594179415,50.971524767657314,42.804701469384995,35.37993906903206,26.798281434960145,25.82813917174802,28.219237999314398,37.53643639325548,34.21192771492733,28.884410262837076,28.24003914168231,27.800272809056196,30.08066071004255
14,Labor Expenses,-3.57772501,-2.6830444099999995,-5.084112869999999,-3.8699805300000003,-3.6692037099999992,-3.5867565900000002,-3.6717600900000003,-3.54445299,-3.60989613,-5.39624308,-2.42885823,-2.62711096,-3.126386309999999,-3.8418467599999997,-3.58726366,-3.4814159705744987,-4.816791157052491,-3.4814159705744987,-3.4814159705744987,-3.4814159705744987,-3.4814159705744987,-4.816791157052491,-3.4814159705744987,-3.4814159705744987,-3.581772559204245,-3.7526812972887984,-3.567422559204245,-3.567422559204245,-4.942354989151879,-3.567422559204245,-3.567422559204245,-3.567422559204245,-3.567422559204245,-4.942354989151879,-3.567422559204245,-3.567422559204245,-3.671316873184351,-3.8464983297210185,-3.6566081231843506,-3.6566081231843506,-5.065913863880676,-3.6566081231843506,-3.6566081231843506,-3.6566081231843506,-3.6566081231843506,-5.065913863880676,-3.6566081231843506,-3.6566081231843506,-3.763099795013959,-3.9426607879640425,-3.748023326263959,-3.748023326263959,-5.192561710477693,-3.748023326263959,-3.748023326263959,-3.748023326263959,-3.748023326263959,-5.192561710477693,-3.748023326263959,-3.748023326263959,-3.8571772898893077,-4.041227307663143,-3.8417239094205575,-3.8417239094205575,-5.322375753239635,-3.8417239094205575,-3.8417239094205575,-3.8417239094205575,-3.8417239094205575,-5.322375753239635,-3.8417239094205575,-3.8417239094205575,-3.95360672213654,-4.142257990354722,-3.9377670071560718,-3.9377670071560718,-5.455435147070625,-3.9377670071560718,-3.9377670071560718,-3.9377670071560718,-3.9377670071560718,-5.455435147070625,-3.9377670071560718,-3.9377670071560718
15,Maintenance,-2.7445357400000026,-3.6524894300000015,-3.31961531,-8.101533510000001,-5.392765150000006,-2.740873139999999,-3.2791649500000006,-2.0164164200000005,-2.9905531200000013,-10.08723181,-3.0766588699999953,-3.7674230299999993,-2.0538397199999996,-2.7956959200000013,-2.6789452600000008,-2.602065443888889,-3.4701520658888882,-2.4791063133888884,-2.385736015888889,-2.1588028608888887,-4.910305198388888,-7.86790423138889,-4.295169195888889,-5.522062193388885,-2.74116278955,-2.223947606425,-3.12989152179275,-4.4877278034375,-3.836166316425,-3.29173899245975,-2.430517756425,-3.756788703925,-5.439187643708374,-6.534570359687498,-4.646621385175,-4.4921019785535,-2.3055711239785937,-2.290979308585625,-3.1572427414244673,-4.80110713500828,-3.380588614835625,-3.225831256246092,-2.433661374835625,-4.363612157023125,-5.179633104656085,-7.2973024186624995,-4.375454382804375,-6.721565161352166,-2.4053217577709667,-2.3893549985502633,-3.1992048245895055,-4.226210807195986,-3.3877321299565133,-3.9089707812853667,-2.5348545499565134,-4.277531965698701,-6.208593172624984,-7.722460819553107,-5.545689582124481,-6.493683143485208,-2.4417028741052422,-2.4252869472640217,-3.606457519900645,-4.121335664836825,-3.2819159419554285,-3.488839330942113,-2.570038811955428,-2.4150600735911705,-3.6101498099231106,-5.5728461500028725,-2.7654745604275957,-4.964694617171949,-2.4866807693386344,-5.154034988450384,-6.142739887459326,-6.705604346462506,-5.840470630509074,-3.3519283377955693,-2.4936061805090746,-2.43737189543571,-3.4702081546335917,-5.617280293757707,-2.764156766943047,-4.787432299481152
16,Operations,-1.2193888400000001,-1.05858087,-1.4406600200000004,-1.7588674500000006,-1.441981780000001,-1.973422909999999,-1.9608814099999978,-2.76391288,-1.246125570000002,-1.9292981399999996,-1.3032729900000015,-2.7234989700000005,-1.64981934,-1.3165546400000006,-2.6323946100000004,-3.1105413837046902,-3.21726418266016,-1.4521283212046903,-1.5037130149546902,-1.4960714812046902,-1.5575193905796905,-1.5498494076601608,-1.5513644549546903,-2.04682986728594,-1.541179709711252,-1.4802730828854647,-1.6385940294581256,-1.380988748773752,-1.4627547444830231,-1.3898900077550005,-2.1267670183050016,-1.411575147211252,-1.4588351302784381,-1.4103596351080228,-1.498390924555002,-1.6544835772375512,-1.5950103172629801,-1.5409535458871924,-1.7077689073958762,-1.4157072866970113,-1.477081057986849,-1.424329961196076,-1.9249044863845115,-1.4457749402907614,-1.4913110779413885,-1.445746383377474,-1.5378340950563865,-1.6830445723981737,-1.752803616651189,-1.5760739174590637,-1.745517092992053,-1.4475332000789232,-1.5095276395083064,-1.4559594522679613,-1.9814107822273606,-1.4750556810750168,-1.5265303479734689,-1.4782420980336968,-1.5727166278660323,-1.7175079007423228,-1.6457475654269462,-1.6110109969640787,-1.781893558105388,-1.479048308026947,-1.5416771954085073,-1.4872230121146848,-2.0382217749478455,-1.506011979860443,-1.5594227596093928,-1.5104420153970328,-1.607364770727484,-1.7516784863770118,-1.697677204121209,-1.641623347940564,-1.6889691070119428,-1.5645171184065891,-1.656977959914331,-1.5155094828447164,-2.356051892917543,-1.5429075111760269,-1.588379283996368,-1.5390854041791087,-1.6575879510786276,-1.8176884860843534
17,Removal Costs,-0.00181126,-0.03439984,-0.64988739,-1.9187175299999997,-0.8147264500000001,-0.18036147000000002,-0.11485759999999999,-0.07566027,-0.30912839000000003,-2.2970047,-1.17899494,-0.08670569,-0.01450858,-0.08484235,-0.043622799999999996,-0.17608960999999998,-0.23928840999999998,-0.18018318,-0.10892961,-0.11392961,-2.3451746099999995,-0.35133661,-0.23995761,-1.3961022199999995,-0.09185116,-0.26733116,-0.6051355948,-0.56345016,-0.22142516,-0.1026986748,-0.12185116,-0.10185116,-0.9526474627999999,-1.3962699599999997,-0.09185116,-0.1362805828,-0.09026761,-0.09026761,-0.2872806383,-0.60975761,-0.29724761,-0.1658903383,-0.09026761,-0.09526761,-2.1074170477000003,-2.6153238099999996,-0.09026761,-0.2472062003,-0.09157141,-0.09157141,-0.36758415229999997,-0.9887974100000001,-0.41918741000000004,-0.1479769723,-0.22657141,-0.09157141,-1.5182308273,-2.67586427,-2.25858741,-0.8708001209,-0.09522378,-0.09522378,-0.35313049339999997,-0.55872378,-0.52022778,-0.1100205334,-0.09522378,-0.10042377999999999,-0.1021724934,-0.40292378,-0.34522378,-0.12865749340000002,-0.10586408,-0.41334408,-2.4173002924,-0.46211408,-0.47306992000000003,-0.1137120608,-0.12586408,-0.10586408,-0.18799314649999999,-0.42067425999999997,-0.15986408000000002,-0.1434781042
18,Fuel Handling,-1.5340937899999998,-1.3583950200000008,-1.3278033799999998,-1.4544055400000004,-1.5059042000000011,-1.2090276400000002,-1.2585912099999996,-1.10532289,-1.1797107799999995,-1.2086145999999998,-1.0524177500000003,-1.22855389,-1.2425316599999998,-1.0609261100000003,-1.1337319300000002,-1.4223588822222224,-1.3911468822222224,-1.3911468822222224,-1.3911468822222224,-1.3911468822222224,-1.4111468822222224,-1.3911468822222224,-1.3911468822222224,-1.4223588822222257,-1.5294011799999998,-1.4759421799999999,-1.5311255678,-1.57932243,-1.45248639,-1.5130304745,-1.45248639,-1.45248639,-1.4968914841,-1.5485474,-1.4535476,-1.5309510307999996,-1.45620666,-1.4017656600000001,-1.4444827249,-1.53923862,-1.4017656600000001,-1.4453400945000001,-1.4017656600000001,-1.4017656600000001,-1.4439653649000002,-1.5078480899999998,-1.40284809,-1.4789279574000003,-1.4500372200000002,-1.42773822,-1.4709987991,-1.56848564,-1.42773822,-1.4721206033,-1.42773822,-1.42773822,-1.4707131291,-1.5364672999999998,-1.4288422999999997,-1.5063802256999999,-1.4520816499999998,-1.45191565,-1.4957655494,-1.59601615,-1.45191565,-1.4971374843999998,-1.45191565,-1.45191565,-1.4956964793999998,-1.56335745,-1.45304182,-1.5320823094999998,-1.4960915399999999,-1.47109154,-1.5165179562,-1.61977431,-1.47224022,-1.5189264375,-1.49724022,-1.47224022,-1.5177010966,-1.58646242,-1.4733888999999998,-1.5545701478999998
19,Fixed Non-Labor Expense,5.4998296300000025,6.1038651600000025,6.737966100000001,13.233524030000003,9.155377580000009,6.103685159999999,6.613495169999998,5.961312460000002,5.725517860000003,15.522149250000004,6.611344549999997,7.806181579999999,4.9606993,5.258019020000002,6.4886946000000005,7.3110553198158,8.317851540771272,5.502564696815801,5.389525523065802,5.159950834315802,10.224146081190801,11.160237131271273,7.477638143065802,10.387353162897051,5.9035948392612525,5.447494029310465,6.904746713850875,8.011489142211252,6.972832610908024,6.29735814951475,6.131622324730002,6.722701401136252,9.347561720886812,10.889747354795523,7.6904110697300005,7.813817169391051,5.447055711241575,5.323966124472817,6.596775012020345,8.365810651705292,6.556682942822474,6.261391650242169,5.850599131220137,7.306420367313887,10.222326595197472,12.866220702039973,7.406404177860762,10.13074389145034,5.6997340044221545,5.484738546009327,6.783304868981558,8.23102705727491,6.744185399464819,6.985027809153328,6.170574962183874,7.271897276773718,10.724067476998455,13.413034487586803,10.805835919990514,10.588371390827529,5.6347558695321895,5.5834373742281,7.237247120806034,7.755123902863772,6.795736567363935,6.583220360856798,6.1554000169032745,5.473411483451613,6.767441542332504,9.049569395399907,6.171104931155081,8.37711290644896,5.786313593459844,8.680093956390948,11.765527243071269,10.352009854869095,9.442758730423407,6.500076318940286,6.472762373426618,5.558383706611737,6.764281681729959,9.163502377936815,6.054997698021674,8.303169037665505
20,Property Tax,-1.3446192799999999,-1.3852094599999996,-1.3501366999999997,-1.3600528399999998,-1.359972,-2.1251252199999997,-1.45034116,-1.45034116,-1.47987928,-1.4853086400000002,-1.54392416,-1.45034116,-1.48912902,-1.4891290399999995,-2.6345162399999995,-1.4746074461368446,-1.4746074461368446,-1.4746074461368446,-1.4746074461368446,-1.4746074461368446,-1.4746074461368446,-1.4746074461368446,-1.4746074461368446,-1.4746074461368446,-1.432847163962896,-1.432847163962896,-1.432847163962896,-1.432847163962896,-1.432847163962896,-1.432847163962896,-1.432847163962896,-1.432847163962896,-1.432847163962896,-1.432847163962896,-1.432847163962896,-1.432847163962896,-1.37460477403059,-1.37460477403059,-1.37460477403059,-1.37460477403059,-1.37460477403059,-1.37460477403059,-1.37460477403059,-1.37460477403059,-1.37460477403059,-1.37460477403059,-1.37460477403059,-1.37460477403059,-1.3125569805495498,-1.3125569805495498,-1.3125569805495498,-1.3125569805495498,-1.3125569805495498,-1.3125569805495498,-1.3125569805495498,-1.3125569805495498,-1.3125569805495498,-1.3125569805495498,-1.3125569805495498,-1.3125569805495498,-1.2650212147714512,-1.2650212147714512,-1.2650212147714512,-1.2650212147714512,-1.2650212147714512,-1.2650212147714512,-1.2650212147714512,-1.2650212147714512,-1.2650212147714512,-1.2650212147714512,-1.2650212147714512,-1.2650212147714512,-1.2787728756128967,-1.2787728756128967,-1.2787728756128967,-1.2787728756128967,-1.2787728756128967,-1.2787728756128967,-1.2787728756128967,-1.2787728756128967,-1.2787728756128967,-1.2787728756128967,-1.2787728756128967,-1.2787728756128967
21,Insurance,-0.5411778999999999,-0.5306778999999999,-0.46043887999999994,-0.50726488,-0.6930079299999999,-0.58872891,-0.58872918,-0.58872916,-0.5887291800000001,-0.58872915,-0.58872919,-0.88872925,-0.5887291800000001,-0.59069633,-0.5906963000000001,-0.5996712499999973,-0.7265675061292919,-0.7265675061292919,-0.7265675061292919,-0.7265675061292919,-0.7265675061292919,-0.7265675061292919,-0.7265675061292919,-0.7265675061292919,-0.7265675061292919,-0.7265675061292919,-0.7265675061292919,-0.7265675061292919,-0.7447316937825244,-0.7447316937825244,-0.7447316937825244,-0.7447316937825244,-0.7447316937825244,-0.7447316937825244,-0.7447316937825244,-0.7447316937825244,-0.7447316937825244,-0.7447316937825244,-0.7447316937825244,-0.7447316937825244,-0.7633499861270875,-0.7633499861270875,-0.7633499861270875,-0.7633499861270875,-0.7633499861270875,-0.7633499861270875,-0.7633499861270875,-0.7633499861270875,-0.7633499861270875,-0.7633499861270875,-0.7633499861270875,-0.7633499861270875,-0.7824337357802646,-0.7824337357802646,-0.7824337357802646,-0.7824337357802646,-0.7824337357802646,-0.7824337357802646,-0.7824337357802646,-0.7824337357802646,-0.7824337357802646,-0.7824337357802646,-0.7824337357802646,-0.7824337357802646,-0.8019945791747707,-0.8019945791747707,-0.8019945791747707,-0.8019945791747707,-0.8019945791747707,-0.8019945791747707,-0.8019945791747707,-0.8019945791747707,-0.8019945791747707,-0.8019945791747707,-0.8019945791747707,-0.8019945791747707,-0.8220444436541401,-0.8220444436541401,-0.8220444436541401,-0.8220444436541401,-0.8220444436541401,-0.8220444436541401,-0.8220444436541401,-0.8220444436541401
22,General & Administrative,-1.1311734400000002,-1.0526882400000002,-1.32611987,-1.20459577,-0.9076076899999999,-1.27938151,-1.0846490900000005,-1.1162269599999999,-1.3689405199999998,-1.1393655999999999,-1.07301454,-1.3725552099999998,-1.16758813,-1.1948546,-1.1960356799999996,-1.1953195733857267,-1.1953195733857267,-1.1953195733857267,-1.1953195733857267,-1.1953195733857267,-1.1953195733857267,-1.1953195733857267,-1.1953195733857267,-1.1953195733857267,-1.2232904738944437,-1.2232904738944437,-1.2232904738944437,-1.2232904738944437,-1.2232904738944437,-1.2232904738944437,-1.2232904738944437,-1.2232904738944437,-1.2232904738944437,-1.2232904738944437,-1.2232904738944437,-1.2232904738944437,-1.2538727357418047,-1.2538727357418047,-1.2538727357418047,-1.2538727357418047,-1.2538727357418047,-1.2538727357418047,-1.2538727357418047,-1.2538727357418047,-1.2538727357418047,-1.2538727357418047,-1.2538727357418047,-1.2538727357418047,-1.28521955413535,-1.28521955413535,-1.28521955413535,-1.28521955413535,-1.28521955413535,-1.28521955413535,-1.28521955413535,-1.28521955413535,-1.28521955413535,-1.28521955413535,-1.28521955413535,-1.28521955413535,-1.3173500429887335,-1.3173500429887335,-1.3173500429887335,-1.3173500429887335,-1.3173500429887335,-1.3173500429887335,-1.3173500429887335,-1.3173500429887335,-1.3173500429887335,-1.3173500429887335,-1.3173500429887335,-1.3173500429887335,-1.3502837940634518,-1.3502837940634518,-1.3502837940634518,-1.3502837940634518,-1.3502837940634518,-1.3502837940634518,-1.3502837940634518,-1.3502837940634518,-1.3502837940634518,-1.3502837940634518,-1.3502837940634518,-1.3502837940634518
23,Total Fixed Costs,12.094525260000003,11.755485170000002,14.95877442,20.175418050000005,15.78516891000001,13.683677389999998,13.40897469,12.661062730000005,12.772962970000005,24.131795720000003,12.245870669999995,14.144918159999998,11.332531939999999,12.37454575,14.497206480000001,14.062069559912867,16.531137223475625,12.38047519304216,12.267436019292163,12.037861330542164,17.102056577417162,19.373522813975626,14.355548639292163,17.265263659123416,12.868072542452127,12.582880470585895,13.85487441704175,14.961616845402128,15.316056931699768,13.26565004035886,13.099914215574112,13.690993291980362,16.315853611730923,19.232971675587265,14.65870296057411,14.782109060235161,12.491581787980843,12.543673657748755,13.626592338759615,15.395627978444564,15.014424302602631,13.309827269326,12.89903475030397,14.354855986397718,17.270762214281305,21.32396206182013,14.454839796944595,17.179179510534176,12.823960320248101,12.788525854785355,13.892454716057504,15.340176904350855,15.316957380407676,14.113261405882449,13.298808558912999,14.400130873502839,17.852301073727578,21.98580646852966,17.93406951671964,17.71660498755665,12.856738152961945,12.989469675431693,14.443776023767041,14.96165280582478,15.502478157538526,13.809310107212312,13.381489763258788,12.69950122980713,13.993531288688018,17.756310985574498,13.397194677510594,15.603202652804477,13.170971564447502,16.25340319559679,19.13434549907846,17.720828110876283,18.349294990824518,13.888944439426844,13.861630493913177,12.947251827098295,14.15314980221652,18.07003863833793,13.443865818508234,15.692037158152065
24,EBITDA,44.791829539999995,33.94238924,38.10619108,22.045674299999995,31.754744649999978,27.10980715,30.185039890000002,30.963789120000005,28.930712269999987,19.040017899999995,23.179164929999995,32.44057769,30.49452172999999,23.235123289999994,14.37002743,14.912276375004748,13.1604962543291,15.26536759568262,23.779749458817882,21.923835876767775,12.312755023975491,8.225448465086387,17.383783572591227,19.043673148431367,36.32482901959563,32.2500278215808,24.450582080112014,16.787534644952185,12.35282953392306,24.697511136939344,37.29740606285629,32.40263805729431,22.9788240619609,18.043563967326282,24.404461257074583,31.148503887565212,46.71388253812293,37.79698106506475,28.554866749041295,21.963365372076105,20.995686581670622,15.42104998693944,24.819321069827794,21.720395432425754,10.614264530504185,3.503506043526603,11.591256077542438,14.741662680054784,39.13174996850356,31.20427955411005,21.427690293031144,15.770021424112919,13.033392989165186,14.203101104064109,24.82329875338276,21.51613467571285,9.796144124354413,3.532855042447555,7.728213856264503,12.19385095728882,35.924026538085215,29.929538080865854,22.032267870022878,16.088511111648263,13.075202713486533,14.766790859037062,25.580272128349094,22.90206013131978,15.380167649235048,11.227274924354226,15.085993574257179,15.003694941374938,37.800553203209816,26.551298273788206,16.245593569953602,9.077453324083855,7.478844180923501,14.330293559887552,23.674805899342303,21.26467588782902,14.731260460620557,10.170000503344383,14.356406990547958,14.388623551890483
25,Maintenance Capex,-1.7435219899999999,-1.31780597,-1.8095808199999999,-2.5586273100000003,-6.4665124899999995,-3.1643583700000004,-2.58457721,-1.1846466099999997,-1.6478309100000001,-1.4587863599999997,-4.544016039999999,-3.7470717699999994,-0.50983646,-0.51494487,-0.7638696299999999,-1.0805095,-0.7299477799999999,-0.7607939000000001,-0.8947085399999999,-1.67459162,-2.7445566199999996,-3.8271486,-2.19136429,-3.3107767999999997,-0.43046571999999994,-0.7859849099999999,-2.4501846773,-2.8289659099999995,-2.77272391,-2.3304248883,-2.5740779099999997,-0.8662759099999999,-1.2242663638999998,-3.8473035700000002,-1.9513099099999998,-0.8446324739,-0.27815786,-1.27815786,-1.2686275958,-4.18065786,-3.28896786,-3.1607011418,-1.53865786,-1.75715686,-2.4510405672999998,-5.366839150000001,-5.136076720000001,-3.5051272073,-1.03443246,-0.28125146,-1.0374690038,-4.902170460000001,-2.3682704599999997,-2.4218740041000006,-0.7592514600000001,-2.23625146,-0.6765279815999999,-5.026526799999999,-2.5598710199999997,-4.9002543138,-0.35962357000000006,-0.35962357000000006,-3.1608149370999996,-2.4987145699999997,-2.3736315500000003,-2.676123918,-1.15147657,-0.7293935699999999,-0.5204995071,-2.1864449799999996,-2.857375855,-2.05294412605,-1.6034460099999999,-0.37881301,-2.3353684164999997,-3.96634261,-3.35071405,-2.6935421571,-0.8789330099999999,-0.8888130099999999,-1.4061511847999997,-2.67986946,-0.83002728,-0.8466307074999999
26,Environmental Capex,-1.2835966999999995,-1.6371407899999995,-0.49451552999999965,-0.6928125800000001,-0.7191222600000002,-1.6581312199999996,-1.4589682200000005,-0.45644092999999997,-0.9619422700000001,-2.16585351,-3.5840986999999993,-6.392591149999999,-0.1876347000000011,-0.8998977700000003,-0.4642959100000001,-4.2172817,-4.93607236,-4.0001358499999995,-4.708848049999999,-3.7643142899999997,-3.2660150999999993,-2.60572021,-1.09232581,-3.1703257999999996,-1.9722299699999999,-1.9722299699999999,-2.2264569699999996,-1.9288649699999998,-2.7904679699999995,-2.55003997,-3.5035329199999996,-2.59337247,-1.9722299699999999,-3.0337429699999996,-2.07222997,-2.08582197,-2.35874515,-2.35874515,-2.35874515,-2.35874515,-2.62241715,-2.35874515,-2.4817451499999996,-2.35874515,-2.85874515,-3.74179615,-2.8687451499999996,-2.41874515,-2.79578273,-2.79578273,-2.79578273,-2.79578273,-3.06072773,-2.79578273,-4.261782729999999,-2.79578273,-2.79578273,-2.8957827299999996,-2.9957827299999997,-2.8957827299999996,-1.98588058,-1.98588058,-2.04596858,-1.98588058,-2.25212458,-1.98588058,-2.05188058,-1.98588058,-1.98588058,-1.98588058,-1.98588058,-2.86949558,-1.3312384199999998,-1.3312384199999998,-1.96123842,-3.46123842,-2.57123842,-1.73123842,-1.3312384199999998,-1.3312384199999998,-1.3312384199999998,-3.5312384199999993,-1.3312384199999998,-2.17123842
27,LTSA Capex,-0.1871545,-1.26216986,-4.49653084,-0.21083073,-1.20291131,-1.8538584699999998,-0.28676836,-0.35621476,-1.6505145099999998,-0.40871410999999996,-1.34908086,-2.05819168,-0.38162274999999996,-0.39974659,-2.2343155799999996,-0.38427703999999996,-0.41041173999999997,-6.5609584519999995,-0.3254851655999999,-0.42972745199999984,-2.0025902504,-0.4419912504,-0.36840846,-2.0732222503999997,-0.42972745199999984,-0.4419912504,-6.947965119156,-0.41127785302799996,-0.44862111915599995,-2.481189486092,-0.33659132077199994,-0.4361733637799998,-2.102599119156,-0.44862111915599995,-0.37393458689999987,-2.102599119156,-5.836173363779999,-0.44862111915599995,-6.995140435943339,-0.41744702082341983,-0.31005401131698,-2.5199347804430996,-0.4201980751466398,-0.4671697804430998,-2.1574083793566197,-0.9311193793566197,-0.39992178587549987,-2.1574083793566197,-2.4671697804430996,-0.4806193793566198,-2.000972670046969,-0.9037496413553006,-0.34035279905121374,-2.133379814044315,-0.5098569733583967,-0.4989979505992423,-2.050662647611448,-0.9703516476114482,-0.42660446553821224,-2.213012647611448,-2.4989979505992426,-0.5134766476114482,-2.01890079732562,-0.49178704239084176,-0.5211787973256199,-4.028764919858231,-0.38891590011911814,-0.5064829198582308,-2.21162479732562,-0.5211787973256199,-0.43300353252128543,-2.2434607973256195,-1.5064829198582306,-0.5211787973256199,-2.112716879285504,-0.48424753239730434,-0.5289964792855042,-5.159109363656103,-0.39474963862090495,-0.5140801636561043,-2.193389279285504,-0.5289964792855042,-0.4394985855091047,-2.322418319285504
28,Growth Capex,-6.62055366,-6.074707289999999,-4.21101644,-8.999534150000002,-4.688347799999999,-0.5962328600000001,-0.683996,-2.1318337900000004,-0.98132942,-2.9820979499999996,-1.4768627899999998,-3.15553349,-0.28211893,-0.09295526999999998,-0.0739544,-0.2453187,-0.1094,-0.1094,0.0,-0.20702772999999997,-0.200475,-3.0800763399999997,-2.66418247,-0.204225,0.0,-0.26083333,-0.26083333,-0.26083333,-0.26083333,-0.26083333,-0.26083333,-0.26083333,-0.26083333,-1.13883333,-1.23883333,-1.23983333,-0.260833,-0.5458333299999999,-0.5458333299999999,-0.5458333299999999,-0.5458333299999999,-0.5458333299999999,-0.5458333299999999,-0.5458333299999999,-0.5458333299999999,-0.5458333299999999,-0.5458333299999999,-0.5458333299999999,-0.545833,0.0,0.0,0.0,0.0,0.0,0.0,0.0,-1.0,-1.0,-1.0,-0.39999999999999997,-0.23083332999999998,-0.23083332999999998,-0.23083332999999998,-0.23083332999999998,-0.23083332999999998,-0.23083332999999998,-0.23083332999999998,-0.23083332999999998,-0.23083332999999998,-0.23083332999999998,-0.23083332999999998,-0.23083332999999998,-0.35,-0.35,-0.35,-0.35,-0.35,-0.35,-0.35,-0.35,-0.35,-0.35,-0.35,-0.35
29,Total Capex,9.834826849999999,10.291823909999998,11.011643630000002,12.46180477,13.07689386,7.272580919999999,5.0143097899999995,4.12913609,5.24161711,7.015451929999999,10.954058389999997,15.353388089999996,1.3612128400000012,1.9075445000000002,3.5364355199999995,5.927386940000001,6.18583188,11.431288202,5.9290417556,6.075661092,8.2136369704,9.9549364004,6.31628103,8.7585498504,2.8324231419999997,3.4610394604,11.885440096456,5.429942063027999,6.272646329155998,7.622487674392,6.675035480771999,4.15665507378,5.559928783056,8.468500989155999,5.6363077969,6.272886893056,8.733909373779998,4.631357459156,11.16834651174334,7.50268336082342,6.767272351316979,8.5852144022431,4.98643441514664,5.1289051204430995,8.013027426656619,10.58558800935662,8.9505769858755,8.62711406665662,6.8432179704431,3.55765356935662,5.834224403846969,8.6017028313553,5.769350989051214,7.351036548144316,5.530891163358396,5.531032140599241,6.5229733592114485,9.892661177611448,6.982258215538212,10.409049691411447,5.075335430599242,3.0898141276114486,7.45651764442562,5.207215522390841,5.37776825732562,8.92160274785823,3.8231063801191185,3.452590399858231,4.948838214425621,4.92433768732562,5.507093297521285,7.39673383337562,4.79116734985823,2.5812302273256194,6.759323715785504,8.261828562397305,6.800948949285504,9.933889940756103,2.9549210686209046,3.084131593656104,5.280778884085503,7.090104359285504,2.9507642855091047,5.690287446785504
30,EBITDA less Capex,34.95700268999999,23.650565330000003,27.09454745,9.583869529999994,18.677850789999987,19.83722623,25.170730100000004,26.834653030000005,23.689095159999987,12.024565970000001,12.225106539999997,17.0871896,29.133308889999988,21.32757879,10.833591909999996,8.984889435004746,6.9746643743291035,3.834079393682618,17.850707703217882,15.848174784767778,4.099118053575495,-1.7294879353136103,11.067502542591232,10.285123298031369,33.49240587759564,28.7889883611808,12.565141983656016,11.357592581924184,6.080183204767062,17.075023462547342,30.622370582084287,28.24598298351431,17.418895278904902,9.57506297817028,18.768153460174585,24.87561699450921,37.97997316434294,33.16562360590875,17.386520237297958,14.46068201125268,14.228414230353643,6.835835584696341,19.832886654681154,16.59149031198265,2.6012371038475655,-7.082081965830018,2.6406790916669376,6.114548613398161,32.28853199806046,27.646625984753435,15.593465889184177,7.168318592757617,7.264042000113973,6.852064555919796,19.292407590024364,15.985102535113604,3.2731707651429645,-6.359806135163892,0.7459556407262884,1.7848012658773724,30.848691107485976,26.8397239532544,14.575750225597254,10.88129558925742,7.697434456160913,5.84518811117883,21.757165748229966,19.449469731461548,10.431329434809427,6.302937237028608,9.578900276735892,7.606961107999318,33.00938585335159,23.97006804646258,9.486269854168096,0.8156247616865526,0.6778952316379998,4.39640361913145,20.71988483072139,18.180544294172915,9.450481576535058,3.0798961440588792,11.405642705038856,8.698336105104982
31,Beginning Cash Balance,0.0,0.0,0.0,0.0,0.0,0.0,0.0,0.0,0.0,0.0,0.0,0.0,5.148873,8.971287,16.016099999999998,7.737374999999999,2.446901,5.867687,5.04217,15.943361999999999,18.676517,13.070478999999999,4.4025289999999995,-11.422666,-10.416765,14.073037999999999,33.987668,15.0,17.440334,14.567725,9.109278,30.775792,50.068847999999996,15.0,15.795271,25.824189,15.0,45.126746,70.471085,15.0,21.813033,28.384331999999997,15.0,27.1784,36.115865,15.0,0.284004,-4.698993,-18.493747,6.4653089999999995,26.782918,15.0,14.872119,14.839754,6.151713,18.147282999999998,26.835334999999997,14.567770999999999,0.910503,-5.641217999999999,-19.397774,4.152833,23.694255,15.0,18.60069,19.017113,7.628029,22.103448999999998,34.270769,15.0,14.069372,16.414337,6.834098999999999,32.608785,49.34379,15.0,8.690218999999999,2.2422809999999997,-7.930835999999999,5.662341,16.715752,11.595421,7.547307,11.824523
32,OpCo,,,,,,,,,,,,,,,,,,,,,,,,,,,,,,,,,,,,,,,,,,,,,,,,,,,,,,,,,,,,,,,,,,,,,,,,,,,,,,,,,,,,
33,ebitda,44.79182953999999,33.94238923999999,38.10619108,22.045674299999995,31.754744649999978,27.109807149999998,30.185039889999995,30.96378912,28.930712269999983,19.040017899999995,23.17916493,32.44057769,30.494521729999992,23.23512328999999,14.370027429999999,14.91227637500475,13.160496254329102,15.26536759568262,23.779749458817882,21.923835876767775,12.312755023975491,8.225448465086389,17.38378357259123,19.043673148431367,36.324829019595626,32.2500278215808,24.450582080112017,16.787534644952185,12.352829533923062,24.697511136939347,37.29740606285628,32.40263805729432,22.978824061960903,18.043563967326282,24.404461257074583,31.14850388756521,46.71388253812294,37.79698106506474,28.554866749041295,21.9633653720761,20.995686581670622,15.42104998693944,24.819321069827794,21.72039543242575,10.614264530504185,3.5035060435266026,11.591256077542438,14.741662680054784,39.13174996850356,31.204279554110055,21.427690293031144,15.770021424112917,13.033392989165186,14.20310110406411,24.823298753382755,21.516134675712845,9.796144124354413,3.5328550424475558,7.728213856264503,12.193850957288822,35.92402653808522,29.92953808086585,22.032267870022878,16.08851111164826,13.075202713486533,14.766790859037064,25.580272128349087,22.90206013131978,15.380167649235045,11.227274924354225,15.085993574257175,15.003694941374938,37.800553203209816,26.551298273788206,16.2455935699536,9.077453324083853,7.478844180923501,14.330293559887554,23.6748058993423,21.26467588782902,14.73126046062056,10.170000503344383,14.356406990547958,14.388623551890486
34,capex,-9.834826849999999,-10.29182391,-11.01164363,-12.461804770000002,-13.076893859999998,-7.272580919999999,-5.01430979,-4.12913609,-5.24161711,-7.0154519299999984,-10.954058389999998,-15.353388089999997,-1.3612128400000012,-1.9075445000000002,-3.5364355199999995,-5.92738694,-6.18583188,-11.431288202,-5.929041755599999,-6.075661091999999,-8.2136369704,-9.9549364004,-6.31628103,-8.7585498504,-2.8324231419999997,-3.4610394604,-11.885440096456,-5.429942063027999,-6.272646329155999,-7.6224876743920005,-6.675035480771999,-4.15665507378,-5.559928783056,-8.468500989156,-5.636307796899999,-6.272886893056,-8.73390937378,-4.631357459156,-11.16834651174334,-7.502683360823419,-6.76727235131698,-8.5852144022431,-4.98643441514664,-5.1289051204430995,-8.01302742665662,-10.58558800935662,-8.9505769858755,-8.627114066656619,-6.843217970443099,-3.55765356935662,-5.83422440384697,-8.601702831355299,-5.769350989051214,-7.351036548144316,-5.530891163358396,-5.531032140599241,-6.5229733592114485,-9.892661177611448,-6.982258215538212,-10.409049691411447,-5.075335430599242,-3.0898141276114486,-7.45651764442562,-5.207215522390842,-5.377768257325621,-8.92160274785823,-3.8231063801191185,-3.4525903998582304,-4.948838214425621,-4.92433768732562,-5.507093297521285,-7.396733833375619,-4.79116734985823,-2.58123022732562,-6.759323715785503,-8.261828562397303,-6.800948949285505,-9.933889940756105,-2.9549210686209046,-3.084131593656104,-5.280778884085504,-7.090104359285503,-2.9507642855091047,-5.690287446785503
35,working capital,,,,,,,,,,,,,,,,-20.05,-9.23,-10.45,-7.54,-3.73,4.49,-12.5,-17.52,5.029999999999999,,,,,,,,,,,,,,,,,,,,,,,,,,,,,,,,,,,,,,,,,,,,,,,,,,,,,,,,,,,,
36,other cash use,,,,,,,,,,,,,-5.5,,,,,,,,,,,,,,,,,,,,,,,,,,,,,,,,,,,,,,,,,,,,,,,,,,,,,,,,,,,,,,,,,,,,,,,
37,,,,,,,,,,,,,,,,,,,,,,,,,,,,,,,,,,,,,,,,,,,,,,,,,,,,,,,,,,,,,,,,,,,,,,,,,,,,,,,,,,,,,
38,Revolver,,,,,,,,,,,,,,,,,,,,,,,,,,,,,,,,,,,,,,,,,,,,,,,,,,,,,,,,,,,,,,,,,,,,,,,,,,,,,,,,,,,,
39,interest expense,,,,,,,,,,,,,,,,-0.1580065319216689,-0.20197417956451416,-0.27531015667531483,-0.3028938819586866,-0.27903767428211024,-0.272108417321814,-0.3477076322518671,-0.3360337837775686,-0.3362027764222879,-0.3301043279453543,-0.3243592038586523,-0.3221515240619967,-0.3457145919420207,-0.3415939929056022,-0.34157695394135573,-0.3446583501625275,-0.3417284948207362,-0.3426185379216736,-0.3211200982972298,-0.3191240125718647,-0.32155880359383854,-0.3244221642959812,-0.3232734789368535,-0.3221258048391668,-0.3447650063242304,-0.34430170786810943,-0.34383131003811834,-0.3433841382871673,-0.34292228178889084,-0.34243820943950637,-0.3419773056092072,-0.34151685515993496,-0.3410643923073048,-0.34060482824549104,-0.3401456954180929,-0.3397020306445992,-0.3519861932555344,-0.35219321700715595,-0.3524137517730829,-0.35262366157158065,-0.3528367270635512,-0.35304264520732287,-0.35324828780611583,-0.35346392073098243,-0.35366558831884765,-0.3538703983951974,-0.3540885609971058,-0.3542825955380545,-0.3577188104937241,-0.358124385196871,-0.35849195649941634,-0.3588589732991432,-0.3592626856294062,-0.3596409413481258,-0.36002479089408607,-0.3603956734964206,-0.3607659675217992,-0.3611603059575146,-0.36152324792850016,-0.36188560693942934,-0.3653889372868167,-0.365816668693701,-0.3662507825318037,-0.3666912410759296,-0.3671167477104571,-0.3675415057976163,-0.3679937646076432,-0.3684099416363219,-0.3688253769988151
40,draw,,,,,,21.0,,,,,,15.0,10.0,,,15.0,15.0,20.0,10.0,,,15.0,,,,,,,,,,,,,,,,,,,,,,,,,,,,,,,,,,,,,,,,,,,,,,,,,,,,,,,,,,,,,,
41,repay,,,,,,,-11.0,-10.0,,,,,,,,,,,,0.0,0.0,,0.0,0.0,,,,,,,,,,,,,,,,,,,,,,,,,,,,,,,,,,,,,,,,,,,,,,,,,,,,,,,,,,,,
42,,,,,,,,,,,,,,,,,,,,,,,,,,,,,,,,,,,,,,,,,,,,,,,,,,,,,,,,,,,,,,,,,,,,,,,,,,,,,,,,,,,,,
43,TLB,,,,,,,,,,,,,,,,,,,,,,,,,,,,,,,,,,,,,,,,,,,,,,,,,,,,,,,,,,,,,,,,,,,,,,,,,,,,,,,,,,,,
44,interest expense,-9.797131,-8.815868,-9.122129,-9.847840999999999,-9.516430999999999,-8.5339415,-9.999155,-8.84192145,-8.9498085,-8.84522613,-7.906619999999999,-8.591769,-9.951519,-9.029831999999999,-10.182398,-7.0181249999999995,-7.0181249999999995,-7.0181249999999995,-7.0181249999999995,-7.0181249999999995,-7.0181249999999995,-7.0181249999999995,-7.0181249999999995,-7.0181249999999995,-7.0181249999999995,-7.0181249999999995,-7.0181249999999995,-6.986091645568158,-6.986091645568158,-6.986091645568158,-6.986091645568158,-6.986091645568158,-6.986091645568158,-6.8674439770466185,-6.8674439770466185,-6.8674439770466185,-6.8147696970124,-6.8147696970124,-6.8147696970124,-6.609166521864335,-6.609166521864335,-6.609166521864335,-6.608028999492651,-6.608028999492651,-6.608028999492651,-6.593037232097514,-6.593037232097514,-6.593037232097514,-6.593037232097514,-6.593037232097514,-6.593037232097514,-6.548379996509216,-6.548379996509216,-6.548379996509216,-6.548379996509216,-6.548379996509216,-6.548379996509216,-6.548379996509216,-6.548379996509216,-6.548379996509216,-6.548379996509216,-6.548379996509216,-6.548379996509216,-6.527053439193233,-6.527053439193233,-6.527053439193233,-6.527053439193233,-6.527053439193233,-6.527053439193233,-6.477706172972079,-6.477706172972079,-6.477706172972079,-6.477706172972079,-6.477706172972079,-6.477706172972079,-6.3641827670704085,-6.3641827670704085,-6.3641827670704085,-6.3641827670704085,-6.3641827670704085,-6.3641827670704085,-6.3641827670704085,-6.3641827670704085,-6.3641827670704085
45,prepayment,,,-40.875,,,,,,,,,,,,,0.0,0.0,0.0,0.0,0.0,0.0,0.0,0.0,0.0,0.0,0.0,-8.092636909096695,0.0,0.0,0.0,0.0,0.0,-29.974147837020322,0.0,0.0,-13.307186534960527,0.0,0.0,-51.94185477424852,0.0,0.0,-0.2873740728462916,0.0,0.0,-3.7873938682450725,0.0,0.0,0.0,0.0,0.0,-11.28182793809618,0.0,0.0,0.0,0.0,0.0,0.0,0.0,0.0,0.0,0.0,0.0,-5.387761848248437,0.0,0.0,0.0,0.0,0.0,-12.466677782186277,0.0,0.0,0.0,0.0,0.0,-28.67959728042203,0.0,0.0,0.0,0.0,0.0,0.0,0.0,0.0,0.0
46,upsize,,,,,,,,,,,,,,,,,,,,,,,,,,,,,,,,,,,,,,,,,,,,,,,,,,,,,,,,,,,,,,,,,,,,,,,,,,,,,,,,,,,,
47,amortization,,,,,,,,,,,,,,,,,,,,,,,,,,,,,,,,,,,,,,,,,,,,,,,,,,,,,,,,,,,,,,,,,,,,,,,,,,,,,,,,,,,,
48,dsra release,0.0,0.0,0.0,0.0,0.0,0.0,0.0,0.0,0.0,0.0,0.0,0.0,0.0,0.0,0.0,0.0,0.0,0.0,0.0,0.0,0.0,0.0,0.0,0.0,0.0,0.0,0.0,0.0,0.0,0.0,0.0,0.0,0.0,0.0,0.0,0.0,0.0,0.0,0.0,0.0,0.0,0.0,0.0,0.0,0.0,0.0,0.0,0.0,0.0,0.0,0.0,0.0,0.0,0.0,0.0,0.0,0.0,0.0,0.0,0.0,0.0,0.0,0.0,0.0,0.0,0.0,0.0,0.0,0.0,0.0,0.0,0.0,0.0,0.0,0.0,0.0,0.0,0.0,0.0,0.0,0.0,0.0,0.0,0.0
49,,,,,,,,,,,,,,,,,,,,,,,,,,,,,,,,,,,,,,,,,,,,,,,,,,,,,,,,,,,,,,,,,,,,,,,,,,,,,,,,,,,,,
50,TLC,,,,,,,,,,,,,,,,,,,,,,,,,,,,,,,,,,,,,,,,,,,,,,,,,,,,,,,,,,,,,,,,,,,,,,,,,,,,,,,,,,,,
51,interest expense,-0.5401216249999999,-0.48602399999999996,-0.5029083437999999,-0.55543375,-0.536741,-0.48132778,-0.563968,-0.49869832999999997,-0.50478333,-0.49888471999999995,-0.445945,-0.484589,-0.07158416999999999,,,-0.3958333333333333,-0.3958333333333333,-0.3958333333333333,-0.3958333333333333,-0.3958333333333333,-0.3958333333333333,-0.3958333333333333,-0.3958333333333333,-0.3958333333333333,-0.3958333333333333,-0.3958333333333333,-0.3958333333333333,-0.3958333333333333,-0.3958333333333333,-0.3958333333333333,-0.3958333333333333,-0.3958333333333333,-0.3958333333333333,-0.3958333333333333,-0.3958333333333333,-0.3958333333333333,-0.3958333333333333,-0.3958333333333333,-0.3958333333333333,-0.3958333333333333,-0.3958333333333333,-0.3958333333333333,-0.3958333333333333,-0.3958333333333333,-0.3958333333333333,-0.3958333333333333,-0.3958333333333333,-0.3958333333333333,-0.3958333333333333,-0.3958333333333333,-0.3958333333333333,-0.3958333333333333,-0.3958333333333333,-0.3958333333333333,-0.3958333333333333,-0.3958333333333333,-0.3958333333333333,-0.3958333333333333,-0.3958333333333333,-0.3958333333333333,-0.3958333333333333,-0.3958333333333333,-0.3958333333333333,-0.3958333333333333,-0.3958333333333333,-0.3958333333333333,-0.3958333333333333,-0.3958333333333333,-0.3958333333333333,-0.3958333333333333,-0.3958333333333333,-0.3958333333333333,-0.3958333333333333,-0.3958333333333333,-0.3958333333333333,-0.3958333333333333,-0.3958333333333333,-0.3958333333333333,-0.3958333333333333,-0.3958333333333333,-0.3958333333333333,-0.3958333333333333,-0.3958333333333333,-0.3958333333333333
52,prepayment,,,,,,,,,,,,,,,,0.0,0.0,0.0,0.0,0.0,0.0,0.0,0.0,0.0,0.0,0.0,0.0,0.0,0.0,0.0,0.0,0.0,0.0,0.0,0.0,0.0,0.0,0.0,0.0,0.0,0.0,0.0,0.0,0.0,0.0,0.0,0.0,0.0,0.0,0.0,0.0,0.0,0.0,0.0,0.0,0.0,0.0,0.0,0.0,0.0,0.0,0.0,0.0,0.0,0.0,0.0,0.0,0.0,0.0,0.0,0.0,0.0,0.0,0.0,0.0,0.0,0.0,0.0,0.0,0.0,0.0,0.0,0.0,0.0
53,upsize,,,,,,,,,,,,,,,,,,,,,,,,,,,,,,,,,,,,,,,,,,,,,,,,,,,,,,,,,,,,,,,,,,,,,,,,,,,,,,,,,,,,
54,amortization,,,,,,,,,,,,,,,,,,,,,,,,,,,,,,,,,,,,,,,,,,,,,,,,,,,,,,,,,,,,,,,,,,,,,,,,,,,,,,,,,,,,
55,dsra release,0.0,0.0,0.0,0.0,0.0,0.0,0.0,0.0,0.0,0.0,0.0,0.0,0.0,0.0,0.0,0.0,0.0,0.0,0.0,0.0,0.0,0.0,0.0,0.0,0.0,0.0,0.0,0.0,0.0,0.0,0.0,0.0,0.0,0.0,0.0,0.0,0.0,0.0,0.0,0.0,0.0,0.0,0.0,0.0,0.0,0.0,0.0,0.0,0.0,0.0,0.0,0.0,0.0,0.0,0.0,0.0,0.0,0.0,0.0,0.0,0.0,0.0,0.0,0.0,0.0,0.0,0.0,0.0,0.0,0.0,0.0,0.0,0.0,0.0,0.0,0.0,0.0,0.0,0.0,0.0,0.0,0.0,0.0,0.0
56,,,,,,,,,,,,,,,,,,,,,,,,,,,,,,,,,,,,,,,,,,,,,,,,,,,,,,,,,,,,,,,,,,,,,,,,,,,,,,,,,,,,,
57,Swaps,,,,,,,,,,,,,,,,,,,,,,,,,,,,,,,,,,,,,,,,,,,,,,,,,,,,,,,,,,,,,,,,,,,,,,,,,,,,,,,,,,,,
58,,,,,,,,,,,,,,,,,,,,,,,,,,,,,,,,,,,,,,,,,,,,,,,,,,,,,,,,,,,,,,,,,,,,,,,,,,,,,,,,,,,,,
59,TaxRegister,,,,,,,,,,,,,,,,,,,,,,,,,,,,,,,,,,,,,,,,,,,,,,,,,,,,,,,,,,,,,,,,,,,,,,,,,,,,,,,,,,,,
60,ptd,0.0,0.0,-20.286033940095688,0.0,0.0,-19.076865247766513,0.0,0.0,-19.076865247766513,0.0,0.0,-19.076865247766513,0.0,0.0,-10.105742,0.0,0.0,-4.882265919889555,0.0,0.0,-4.882265919889555,0.0,0.0,-4.882265919889555,0.0,0.0,-14.483662372182575,0.0,0.0,-13.620349654554996,0.0,0.0,-13.620349654554996,0.0,0.0,-13.620349654554996,0.0,0.0,-13.06482020838889,0.0,0.0,-12.286078951544729,0.0,0.0,-12.286078951544729,0.0,0.0,-12.286078951544729,0.0,0.0,-8.765983355012544,0.0,0.0,-8.24347843060691,0.0,0.0,-8.24347843060691,0.0,0.0,-8.24347843060691,0.0,0.0,-10.583747451968213,0.0,0.0,-9.95289293874845,0.0,0.0,-9.95289293874845,0.0,0.0,-9.95289293874845,0.0,0.0,-7.915037460501227,0.0,0.0,-7.443253989956291,0.0,0.0,-7.443253989956291,0.0,0.0,-7.443253989956291
61,,,,,,,,,,,,,,,,,,,,,,,,,,,,,,,,,,,,,,,,,,,,,,,,,,,,,,,,,,,,,,,,,,,,,,,,,,,,,,,,,,,,,
62,Equity,,,,,,,,,,,,,,,,,,,,,,,,,,,,,,,,,,,,,,,,,,,,,,,,,,,,,,,,,,,,,,,,,,,,,,,,,,,,,,,,,,,,
63,sweep,0.0,0.0,0.0,0.0,0.0,0.0,0.0,0.0,0.0,0.0,0.0,0.0,0.0,0.0,0.0,0.0,0.0,0.0,0.0,0.0,0.0,0.0,0.0,0.0,0.0,0.0,0.0,0.0,0.0,0.0,0.0,0.0,0.0,0.0,0.0,0.0,0.0,0.0,0.0,0.0,0.0,0.0,0.0,0.0,0.0,0.0,0.0,0.0,0.0,0.0,0.0,0.0,0.0,0.0,0.0,0.0,0.0,0.0,0.0,0.0,0.0,0.0,0.0,0.0,0.0,0.0,0.0,0.0,0.0,0.0,0.0,0.0,0.0,0.0,0.0,0.0,0.0,0.0,0.0,0.0,0.0,0.0,0.0,0.0
64,,,,,,,,,,,,,,,,,,,,,,,,,,,,,,,,,,,,,,,,,,,,,,,,,,,,,,,,,,,,,,,,,,,,,,,,,,,,,,,,,,,,,
